<?xml version='1.0' encoding='UTF-8'?>
<types:mule xmlns:types="http://www.mulesoft.org/schema/mule/types">
  <types:catalog>
    <types:type name="american_flights_json" format="json">
      <types:shape format="weave" example="examples/american-flights-example.json"><![CDATA[%dw 2.0

type american_flights_json = Array<{|  ID: Number {"typeId": "int"},   code: String,   price: Number {"typeId": "double"},   departureDate: String,   origin: String,   destination: String,   emptySeats: Number {"typeId": "int"},   plane: {|    "type": String,     totalSeats: Number {"typeId": "int"}  |}|}> {"example": "[{\\\"ID\\\":1,\\\"code\\\":\\\"ER38sd\\\",\\\"price\\\":400.00,\\\"departureDate\\\":\\\"2016\\/03\\/20\\\",\\\"origin\\\":\\\"MUA\\\",\\\"destination\\\":\\\"SFO\\\",\\\"emptySeats\\\":0,\\\"plane\\\":{\\\"type\\\":\\\"Boeing 737\\\",\\\"totalSeats\\\":150}},{\\\"ID\\\":2,\\\"code\\\":\\\"ER45if\\\",\\\"price\\\":345.99,\\\"departureDate\\\":\\\"2016\\/02\\/11\\\",\\\"origin\\\":\\\"MUA\\\",\\\"destination\\\":\\\"LAX\\\",\\\"emptySeats\\\":52,\\\"plane\\\":{\\\"type\\\":\\\"Boeing 777\\\",\\\"totalSeats\\\":300}}]"}

]]></types:shape>
    </types:type>
    <types:type name="auto_cf2bde18-bd2d-428c-9ac7-50d537f5869f_Input-Payload" format="java">
      <types:shape format="weave" example="weave/autogenerated/cf2bde18-bd2d-428c-9ac7-50d537f5869f/Input-Payload.wev" autogeneratedOrigin="6f1d5a78-e680-46e7-b6d0-f24be0481b76"><![CDATA[%dw 2.0

type auto_cf2bde18_bd2d_428c_9ac7_50d537f5869f_Input_Payload = Any

]]></types:shape>
    </types:type>
    <types:type name="auto_cf2bde18-bd2d-428c-9ac7-50d537f5869f_Input-Attributes" format="java">
      <types:shape format="weave" example="weave/autogenerated/cf2bde18-bd2d-428c-9ac7-50d537f5869f/Input-Attributes.wev" autogeneratedOrigin="6f1d5a78-e680-46e7-b6d0-f24be0481b76"><![CDATA[%dw 2.0

type auto_cf2bde18_bd2d_428c_9ac7_50d537f5869f_Input_Attributes = {|
  clientCertificate?: {|
    publicKey?: {|  |}, 
    "type"?: String, 
    encoded?: Binary
  |}, 
  headers: {|  |}, 
  listenerPath: String, 
  method: String, 
  queryParams: {|  |}, 
  queryString: String, 
  relativePath: String, 
  remoteAddress: String, 
  requestPath: String, 
  requestUri: String, 
  scheme: String, 
  uriParams: {| ID: String |}, 
  version: String, 
  localAddress: String
|}

]]></types:shape>
    </types:type>
    <types:type name="auto_cf2bde18-bd2d-428c-9ac7-50d537f5869f_Input-Variables-outboundHeaders" format="java">
      <types:shape format="weave" example="weave/autogenerated/cf2bde18-bd2d-428c-9ac7-50d537f5869f/Input-Variables-outboundHeaders.wev" autogeneratedOrigin="6f1d5a78-e680-46e7-b6d0-f24be0481b76"><![CDATA[%dw 2.0

type auto_cf2bde18_bd2d_428c_9ac7_50d537f5869f_Input_Variables_outboundHeaders = {|  |}

]]></types:shape>
    </types:type>
    <types:type name="auto_cf2bde18-bd2d-428c-9ac7-50d537f5869f_Input-Variables-httpStatus" format="java">
      <types:shape format="raml" autogeneratedOrigin="6f1d5a78-e680-46e7-b6d0-f24be0481b76"><![CDATA[#%RAML 1.0 DataType
type: string]]></types:shape>
    </types:type>
    <types:type name="auto_cf2bde18-bd2d-428c-9ac7-50d537f5869f_Output-Payload" format="json">
      <types:shape format="weave" example="weave/autogenerated/cf2bde18-bd2d-428c-9ac7-50d537f5869f/Output-Payload.wev" autogeneratedOrigin="6f1d5a78-e680-46e7-b6d0-f24be0481b76"><![CDATA[%dw 2.0

type auto_cf2bde18_bd2d_428c_9ac7_50d537f5869f_Output_Payload = {
  plane?: {
    "type": String, 
    totalSeats: Number, 
    _?: Any
  }, 
  code: String, 
  price: Number, 
  origin: String, 
  destination: String, 
  ID?: Number, 
  departureDate: String, 
  emptySeats: Number, 
  _?: Any
}

]]></types:shape>
    </types:type>
    <types:type name="auto_cf2bde18-bd2d-428c-9ac7-50d537f5869f_Output-Attributes" format="java">
      <types:shape format="weave" example="weave/autogenerated/cf2bde18-bd2d-428c-9ac7-50d537f5869f/Output-Attributes.wev" autogeneratedOrigin="6f1d5a78-e680-46e7-b6d0-f24be0481b76"><![CDATA[%dw 2.0

type auto_cf2bde18_bd2d_428c_9ac7_50d537f5869f_Output_Attributes = Null

]]></types:shape>
    </types:type>
    <types:type name="auto_cf2bde18-bd2d-428c-9ac7-50d537f5869f_Output-Variables-outboundHeaders" format="java">
      <types:shape format="weave" example="weave/autogenerated/cf2bde18-bd2d-428c-9ac7-50d537f5869f/Output-Variables-outboundHeaders.wev" autogeneratedOrigin="6f1d5a78-e680-46e7-b6d0-f24be0481b76"><![CDATA[%dw 2.0

type auto_cf2bde18_bd2d_428c_9ac7_50d537f5869f_Output_Variables_outboundHeaders = {|  |}

]]></types:shape>
    </types:type>
    <types:type name="auto_cf2bde18-bd2d-428c-9ac7-50d537f5869f_Output-Variables-httpStatus" format="java">
      <types:shape format="raml" autogeneratedOrigin="6f1d5a78-e680-46e7-b6d0-f24be0481b76"><![CDATA[#%RAML 1.0 DataType
type: string]]></types:shape>
    </types:type>
  </types:catalog>
  <types:enrichment select="#2a8b8fe1-fde7-4e29-9db7-995d16e31710">
    <types:processor-declaration>
      <types:output-event>
        <types:message>
          <types:payload type="american_flights_json"/>
        </types:message>
      </types:output-event>
    </types:processor-declaration>
  </types:enrichment>
  <types:enrichment select="#cf2bde18-bd2d-428c-9ac7-50d537f5869f">
    <types:processor-declaration>
      <types:input-event>
        <types:message>
          <types:payload type="auto_cf2bde18-bd2d-428c-9ac7-50d537f5869f_Input-Payload"/>
          <types:attributes type="auto_cf2bde18-bd2d-428c-9ac7-50d537f5869f_Input-Attributes"/>
        </types:message>
        <types:variables>
          <types:variable name="outboundHeaders" type="auto_cf2bde18-bd2d-428c-9ac7-50d537f5869f_Input-Variables-outboundHeaders"/>
          <types:variable name="httpStatus" type="auto_cf2bde18-bd2d-428c-9ac7-50d537f5869f_Input-Variables-httpStatus"/>
        </types:variables>
      </types:input-event>
      <types:output-event>
        <types:message>
          <types:payload type="auto_cf2bde18-bd2d-428c-9ac7-50d537f5869f_Output-Payload"/>
          <types:attributes type="auto_cf2bde18-bd2d-428c-9ac7-50d537f5869f_Output-Attributes"/>
        </types:message>
        <types:variables>
          <types:variable name="outboundHeaders" type="auto_cf2bde18-bd2d-428c-9ac7-50d537f5869f_Output-Variables-outboundHeaders"/>
          <types:variable name="httpStatus" type="auto_cf2bde18-bd2d-428c-9ac7-50d537f5869f_Output-Variables-httpStatus"/>
        </types:variables>
      </types:output-event>
    </types:processor-declaration>
  </types:enrichment>
</types:mule>