<?xml version="1.0" encoding="UTF-8"?>

<mule xmlns:ee="http://www.mulesoft.org/schema/mule/ee/core" xmlns:db="http://www.mulesoft.org/schema/mule/db"
	xmlns:http="http://www.mulesoft.org/schema/mule/http"
	xmlns="http://www.mulesoft.org/schema/mule/core" xmlns:doc="http://www.mulesoft.org/schema/mule/documentation" xmlns:xsi="http://www.w3.org/2001/XMLSchema-instance" xsi:schemaLocation="http://www.mulesoft.org/schema/mule/core http://www.mulesoft.org/schema/mule/core/current/mule.xsd
http://www.mulesoft.org/schema/mule/http http://www.mulesoft.org/schema/mule/http/current/mule-http.xsd
http://www.mulesoft.org/schema/mule/db http://www.mulesoft.org/schema/mule/db/current/mule-db.xsd
http://www.mulesoft.org/schema/mule/ee/core http://www.mulesoft.org/schema/mule/ee/core/current/mule-ee.xsd">
	<http:listener-config name="HTTP_Listener_config" doc:name="HTTP Listener config" doc:id="87a1979b-e4e3-4266-a48d-18fe2148e169" >
		<http:listener-connection host="0.0.0.0" port="8081" />
	</http:listener-config>
	<db:config name="Database_Config" doc:name="Database Config" doc:id="1703a220-c971-4e84-9f95-90ed76a0cdf5" >
		<db:my-sql-connection host="mudb.learn.mulesoft.com" port="3306" user="mule" password="mule" database="training" />
	</db:config>
	<flow name="getFlights" doc:id="2a8b8fe1-fde7-4e29-9db7-995d16e31710" >
		<db:select doc:name="Select" doc:id="51f5cd3f-e6e3-41ca-a618-d7c46957ef50" config-ref="Database_Config">
			<db:sql ><![CDATA[SELECT * FROM american]]></db:sql>
		</db:select>
		<ee:transform doc:name="Transform Message" doc:id="5ce22c7a-aa20-40aa-baf2-cde1df3db5e1" >
			<ee:message >
				<ee:set-payload ><![CDATA[%dw 2.0
output application/json
---
payload map ( payload01 , indexOfPayload01 ) -> {
	ID: payload01.ID,
	code: (payload01.code1 default "") ++ (payload01.code2 default ""),
	price: payload01.price default 0,
	departureDate: payload01.takeOffDate as String default "",
	origin: payload01.fromAirport default "",
	destination: payload01.toAirport default "",
	emptySeats: payload01.seatsAvailable default 0,
	plane: {
		"type": payload01.planeType default "",
		totalSeats: payload01.totalSeats default 0
	}
}]]></ee:set-payload>
			</ee:message>
		</ee:transform>
	</flow>
	<flow name="getFlightsByID" doc:id="cf2bde18-bd2d-428c-9ac7-50d537f5869f" >
		<db:select doc:name="Copy_of_Select" doc:id="847f1a21-2fdb-4aeb-bc8c-911637ee7e05" config-ref="Database_Config" >
			<db:sql ><![CDATA[SELECT * FROM american WHERE ID = :ID]]></db:sql>
			<db:input-parameters ><![CDATA[#[{'ID' : attributes.uriParams.ID}]]]></db:input-parameters>
		</db:select>
		<ee:transform doc:name="Copy_of_Transform Message" doc:id="2660a764-c341-4c41-b8cb-226c158acc68" >
			<ee:message >
				<ee:set-payload ><![CDATA[%dw 2.0
output application/json
---
payload map ( payload01 , indexOfPayload01 ) -> {
	ID: payload01.ID,
	code: (payload01.code1 default "") ++ (payload01.code2 default ""),
	price: payload01.price default 0,
	departureDate: payload01.takeOffDate as String default "",
	origin: payload01.fromAirport default "",
	destination: payload01.toAirport default "",
	emptySeats: payload01.seatsAvailable default 0,
	plane: {
		"type": payload01.planeType default "",
		totalSeats: payload01.totalSeats default 0
	}
}]]></ee:set-payload>
			</ee:message>
		</ee:transform>
	</flow>
	<flow name="postFlight" doc:id="0ef77142-c139-46f5-90c9-0073b0f60751" >
		<set-payload value='{"message":"Flight added(but not really)"}' doc:name="Set Payload" doc:id="d67d217d-3700-48a4-b7e1-b73bfe79f6ce" />
	</flow>
</mule>
